Name,Description,Manufacturer,Category
FEL - $13.00,Q1000/4CL/120V/G9.5,  Osram,Stage & Studio Lamps
BTM - $17.50,Q500T6/4CL/2P,  Osram,Stage & Studio Lamps
BTP - $22.50,Q750T7/4CL/2P,  Osram,Stage & Studio Lamps
BVT - $25.00,Q1000T7/CL/MP,  Osram,Stage & Studio Lamps
BVW - $45.00,Q2000T10/4CL/MP,  Osram,Stage & Studio Lamps
CYX - $30.00,Q2000T9/4CL,  Osram,Stage & Studio Lamps
DTA - $40.00,Q1500T8/4CL,  GE,Stage & Studio Lamps
DWE - $19.50,Q650PAR36/1,  Osram,Stage & Studio Lamps
DXW - $13.75,Q1000T5/4CL,  Osram,Stage & Studio Lamps
DYS/5 - $8.00,600W/125V/T6/Gz9.5,  Eiko,Stage & Studio Lamps
EGF - $32.00,750W/120V/T5/P28s,  GE,Stage & Studio Lamps
EGJ - $20.00,Q1000/4CL/P/120V/P28s,  Osram,Stage & Studio Lamps
EGM - $38.00,Q1000CL/P,  GE,Stage & Studio Lamps
EGR - $19.00,Q750T7/CL/120V,  Osram,Stage & Studio Lamps
EHC/EHB - $14.00,Q500/5CL,  Osram,Stage & Studio Lamps
EHF - $17.00,Q750/4CL/T5/G9.5/120V,  Osram,Stage & Studio Lamps
EHM - $3.50,Q300T3/CL/120V,  Ushio,Stage & Studio Lamps
EHR - $12.50,Q400T4/CL,  Eiko,Stage & Studio Lamps
EHZ - $2.50,Q300T3,  Osram,Stage & Studio Lamps
EKB - $15.50,JCD120V420WC,  Ushio,Stage & Studio Lamps
ETC - $10.00,Q150CL/DC,  Osram,Stage & Studio Lamps
EVR - $10.75,Q500CL/MC/120V,  Osram,Stage & Studio Lamps
EYC - $3.50,75W/12V/38degFL/MR16/Gu5.3,  Eiko,Stage & Studio Lamps
FCB - $12.50,600W/120V/R7s,  Osram,Stage & Studio Lamps
FCM - $7.50,Q1000T3/4CL/120V,  Osram,Stage & Studio Lamps
FCX - $19.00,Q650Par36/7/120V/Ferrule/MFL,  GE,Stage & Studio Lamps
FDN - $9.50,500W/120V/T2.5/R7s,  Osram,Stage & Studio Lamps
FFN - $22.50,Q1000PAR64/1 VNSP,  Osram,Stage & Studio Lamps
FFR - $22.50,Q1000PAR64/5 MFL,  Osram,Stage & Studio Lamps
FFT - $10.50,Q1000T3/1CL/120V,  Osram,Stage & Studio Lamps
FKW - $17.00,300W/120V/T6/GY9.35,  Osram,Stage & Studio Lamps
FLK(HX600) - $18.00,Q575T6/4CL/115V/G9.5,  Osram,Stage & Studio Lamps
FRK - $14.50,650W/120V/T6/Gy9.5,  Osram,Stage & Studio Lamps
GCA - $10.00,250W/120V/G5.3,  Osram,Stage & Studio Lamps
GLA - $21.50,575W/115V/T6/G9.5,  Osram,Stage & Studio Lamps
300PAR56/MFL - $12.00,300PAR56/MFL,  Osram,Stage & Studio Lamps
300PAR56/WFL - $12.00,300PAR56/WFL,  Osram,Stage & Studio Lamps
500PAR64/NSP - $22.50,500PAR64/NSP,  Osram,Stage & Studio Lamps
Q500PAR56/MFL - $26.00,Q500PAR56/MFL,  Osram,Stage & Studio Lamps
Q500PAR56/WFL - $26.00,Q500PAR56/WFL,  Osram,Stage & Studio Lamps
FEY - $27.00,2000W/120V/T8/Rx7s,  Ushio,Stage & Studio Lamps
FFM - $17.50,420W/120V/T4/R7s,  Osram,Stage & Studio Lamps
HPL575/115V - $16.95,575W/115V/T6,  Osram,Stage & Studio Lamps
HPL575/120V - $16.95,575W/120V/T6,  Osram,Stage & Studio Lamps
HPL750/115V - $16.95,750W/115V/T6,  Osram,Stage & Studio Lamps
HPL750/120V - $16.95,750W/120V/T6,  Osram,Stage & Studio Lamps
EXN - $2.50,50W/12V/MR16/Gu5.3/38degFL,  Eiko,Stage & Studio Lamps
FEY - $8.95,Osram FEY,  Osram,Stage & Studio Lamps
64535/EGW - $20.00,650W/120V/T8/GX6.35,  Osram,Stage & Studio Lamps
DKZ - $39.50,Q1000W/PS52/CL/MOG/4,  GE,Stage & Studio Lamps
FBX - $18.50,Q650/T4/R7s/120V,  Ushio,Stage & Studio Lamps
FGT - $25.00,(Q1500T4/4 120V,  Ushio,Stage & Studio Lamps
FAY - $29.00,Q650PAR36/3D/120V/Ferrule,  GE,Stage & Studio Lamps
FDF - $18.00,Q500T3/4CL/120V,  Osram,Stage & Studio Lamps
DPY - $140.00,Q5000T20/4CL/120V,  Osram,Stage & Studio Lamps
HPL375/115V - $16.95,375W/115V/T6,  Osram,Stage & Studio Lamps
HPL550/77V - $16.95,550W/77V/T6,  Osram,Stage & Studio Lamps
HTI700/D4/75 - $165.00,700W/70V/D SharXS,  Osram,Stage & Studio Lamps
GLG - $18.00,HP 375 GLG (54520),  Osram,Stage & Studio Lamps
HSR400W/60 - $110.00,Osram Stage & Studio bulb,  Osram,Stage & Studio Lamps
BTL - $14.50,Q500T6/CL/P,  Osram,Stage & Studio Lamps
BTN - $16.00,Q750T7/CL/2P,  Osram,Stage & Studio Lamps
BTR - $16.50,Q1000T7/4CL/2P,  Osram,Stage & Studio Lamps
BVV - $25.00,Q1000T6/4CL/MP,  Osram,Stage & Studio Lamps
CYV - $30.00,Q1000T7/4CL,  Osram,Stage & Studio Lamps
DMX - $22.00,500T20P,  Eiko,Stage & Studio Lamps
DTJ - $35.00,1500T20/39,  Eiko,Stage & Studio Lamps
DWT - $43.00,Q1000T6/CL,  GE,Stage & Studio Lamps
DYS/BHC/DYV - $7.00,600W/120V/T6/Gz9.5,  Osram,Stage & Studio Lamps
EGE - $19.00,Q500CL/P/120V,  Osram,Stage & Studio Lamps
EGG - $19.00,Q750CL/P/120V,  GE,Stage & Studio Lamps
EGK - $21.00,1000W/120V/T6/P28s,  Osram,Stage & Studio Lamps
EGN - $20.00,Q500T6/G22/120V,  Osram,Stage & Studio Lamps
EGT - $18.00,1000W/120V/T7/G22,  Osram,Stage & Studio Lamps
EHD - $16.00,Q500CL//120V/T4/G9.5,  Osram,Stage & Studio Lamps
EHG - $14.75,Q750CL/TP/120V,  Osram,Stage & Studio Lamps
EHP - $20.00,Q300T4/CL,  Ushio,Stage & Studio Lamps
EHT - $13.50,Q250CL/MC/120V,  Osram,Stage & Studio Lamps
EHJ (64655HLX) - $3.00,250W/24V/T4/G6.35,  Osram,Stage & Studio Lamps
EMD - $14.50,Q750T3/4-120V,  Ushio,Stage & Studio Lamps
EVC/FGX/64657HLX - $4.00,250W/24V/G6.35,  Osram,Stage & Studio Lamps
EXY - $9.00,250W/82V/T3.5/Gx5.3,  Osram,Stage & Studio Lamps
EZK - $12.50,150W/120V/MR16/GY5.3,  GE,Stage & Studio Lamps
FCL - $3.00,Q500T3/CL,  GE,Stage & Studio Lamps
FCM/HIR - $18.50,Q650T3/4,  GE,Stage & Studio Lamps
FDB - $14.00,Q1500T4/4CL/120V,  Osram,Stage & Studio Lamps
FER - $18.50,Q1000T6/4CL,  Osram,Stage & Studio Lamps
FFP - $22.50,Q1000PAR64/2 NSP,  Osram,Stage & Studio Lamps
FFS - $22.50,Q1000PAR64/6 WFL,  Osram,Stage & Studio Lamps
FHM - $7.75,Q1000T3/4/120V,  Osram,Stage & Studio Lamps
FLE - $17.00,360W/82V/T3.5/Gy5.3,  Osram,Stage & Studio Lamps
FLK/LL (HX601) - $21.00,Q575T6,  Osram,Stage & Studio Lamps
FTK - $10.75,500W/120V/T6/Gy9.5,  Osram,Stage & Studio Lamps
GCC - $9.00,100W/12V/T3/G5.3,  Osram,Stage & Studio Lamps
GLC - $18.00,Q575T6/5CL,  GE,Stage & Studio Lamps
300PAR56/NSP - $12.00,300PAR56/NSP,  Osram,Stage & Studio Lamps
500PAR64/MFL - $22.50,500PAR64/MFL,  Osram,Stage & Studio Lamps
500PAR64/WFL - $22.50,500PAR64/WFL,  Osram,Stage & Studio Lamps
Q500PAR56/NSP - $26.00,Q500PAR56/NSP,  Osram,Stage & Studio Lamps
FEV - $8.00,200T3Q/CL/120V,  Osram,Stage & Studio Lamps
FFJ - $13.50,600W/120V/T4/R7s,  Osram,Stage & Studio Lamps
FSH - $15.50,125W/120V/T3.5/G5.3,  Osram,Stage & Studio Lamps
HPL575/115X - $16.95,575W/115V/T6 Long Life,  Osram,Stage & Studio Lamps
HPL575/120X - $16.95,575W/120V/T6 Long Life,  Osram,Stage & Studio Lamps
HPL750/115X - $16.95,750W/115V/T6 Long Life,  Osram,Stage & Studio Lamps
HPL750/120X - $16.95,750W/120V/T6 Long Life,  Osram,Stage & Studio Lamps
HSD250/78 - $75.00,Osram HSD Stage & Studio bulb,  Osram,Stage & Studio Lamps
64657HLX/EVC - $4.00,250W/24V/T4/G6.35,  Osram,Stage & Studio Lamps
HSR1200W/60 - $110.00,Osram HSR Stage/Studio bulb,  Osram,Stage & Studio Lamps
DKZ/DSE - $39.50,Q1000W/PS52/CL/MOG/4,  GE,Stage & Studio Lamps
EJG - $12.50,750w/120v/T3/R7s,  Osram,Stage & Studio Lamps
FDA - $19.50,Q400T4/4CL,  Osram,Stage & Studio Lamps
FRG - $20.00,500T6/GY9.5/120V,  Osram,Stage & Studio Lamps
EKD - $14.50,650W/120V/G6/GZ9.5,  Eiko,Stage & Studio Lamps
EHZ - $2.50,Q300T3/R7s/120v,  Osram,Stage & Studio Lamps
HPL375/115X - $16.95,375w/115v/T6 Long Life,  Osram,Stage & Studio Lamps
HPR575/115VT5 - $19.75,575W/115V/T5,  Osram,Stage & Studio Lamps
GLD - $20.00,750w/115v/G9.5/300Hr/19K L,  Osram,Stage & Studio Lamps
HSR575/72 - $115.00,Osram HSR Stage & studio bulb,  Osram,Stage & Studio Lamps
MLB-FSWB-JB - $40.00,12 Watt LED for Poultry Dim to Blue -Junction box mount, Once Innovations,Livestock/Ag LED Lighting
MLS-FSWR-JB - $40.00,14 Watt LED for Swine Confinements - Junction Box mount, Once Innovations,Livestock/Ag LED Lighting
MLB-FSWB-JB - $40.00,12 Watt LED for Poultry Dim to Red - Junction box mount, Once Innovations,Livestock/Ag LED Lighting
MLA-1 - $50.00,15 Watt Aquaculture LED Fixture - Junction box mount, Once Innovations,Livestock/Ag LED Lighting
MLS-FSWR-JJ - $40.00,14 Watt LED for Swine Confinements - Jelly Jar mount, Once Innovations,Livestock/Ag LED Lighting
MLB-FSWB-JJ - $40.00,12 Watt LED for Poultry Dim to Blue - Jelly Jar mount, Once Innovations,Livestock/Ag LED Lighting
MLA-15-HW - $50.00,15 Watt Aquaculture LED Fixture - Hard wire mount, Once Innovations,Livestock/Ag LED Lighting
MLB-FSWB-JJ - $40.00,12 Watt LED for Poultry Dim to Red - Jelly Jar mount, Once Innovations,Livestock/Ag LED Lighting
SIT-150-HB - $350.00,150 watt high bay LED fixture, Import,LED Fixtures
SIT-100-HB - $300.00,100 watt High Bay LED fixture, Import,LED Fixtures
SIT-75-RT - $300.00,75 watt retrofit kit for MH/HPS fixtures, Import,LED Fixtures
SIT-150-RT - $380.00,150 watt retrofit kit for MH/HPS fixtures, Import,LED Fixtures
SIT-60-WP - $270.00,60 watt LED wall pack fixture, Import,LED Fixtures
SIT-75-FL - $240.00,75 watt LED flood light fixture, Import,LED Fixtures
SIT-200-HB - $420.00,200 watt LED High Bay fixture, Import,LED Fixtures
SIT-30-RT - $200.00,30 Watt retrofit kit for MH/HPS fixtures, Import,LED Fixtures
SIT-120-RT - $360.00,120 watt retrofit kit for MH/HPS fixtures, Import,LED Fixtures
SIT-400-RT - $900.00,400 watt retrofit kit for MH/HPS fixtures, Import,LED Fixtures
SIT-120-WP - $300.00,120 watt LED wall pack fixture, Import,LED Fixtures
SIT-150-FL - $365.00,150 watt LED flood light fixture, Import,LED Fixtures
SIT-LEDT8-12W-5K - $25.00,2 Foot 12 Watt T8 LED bulb -5K, Import,LED Retrofit Lamps
SIT-LEDT8-18W-41K - $30.00,4 Foot 18 Watt T8 LED bulb - 41K, Import,LED Retrofit Lamps
SIT-LEDT8-18W-27K - $30.00,4 Foot 18 Watt T8 LED bulb - 27K, Import,LED Retrofit Lamps
SIT-LEDT8-14W-5K - $30.00,3 Foot 18 Watt T8 LED bulb - 5K, Import,LED Retrofit Lamps
SIT-LEDT8 -18W-27K-OC - $35.00,4 Foot 18 Watt T8 LED bulb - 27K - w/ Occ Sensor, Import,LED Retrofit Lamps
SIT-LEDT8-18W-5K - $30.00,4 Foot 18 Watt T8 LED bulb - 5K, Import,LED Retrofit Lamps
BRH - $22.00,1000W/120V/T5/R7s,  GE,Old Film & Slide Projector Lamps
BRN - $28.00,1200W/120V/T7/G17q,  Osram,Old Film & Slide Projector Lamps
BVE - $24.50,600W/120V/T6/2-pinPF,  GE,Old Film & Slide Projector Lamps
CAL - $20.00,300W/120V/T10/G17q,  Osram,Old Film & Slide Projector Lamps
CAX-120 - $5.00,50W/120V/T8/Ba15d,  GE,Old Film & Slide Projector Lamps
CAX Halogen - $15.00,50W/130V/Halogen,  Hybec,Old Film & Slide Projector Lamps
CBX - $10.50,75W/115-125V,  GE,Old Film & Slide Projector Lamps
CLS/CLG - $10.00,300W/120V/T8.5/Ba15s,  Eiko,Old Film & Slide Projector Lamps
CXR/CXL - $15.50,50W/8V/T9.5/P30s/Reflectorized,  GE,Old Film & Slide Projector Lamps
CZX/DAB - $22.00,500W/120V/T10/P28s,  Eiko,Old Film & Slide Projector Lamps
DAY - $25.00,500W/120V/T10/G17q,  Eiko,Old Film & Slide Projector Lamps
DCH/DJA - $29.00,150W/120V/G17q,  Osram,Old Film & Slide Projector Lamps
DDL - $9.25,150W/20V/MR16/Gx5.3,  GE,Old Film & Slide Projector Lamps
DEK/DFW - $22.00,500W/120V/T12/4pin,  GE,Old Film & Slide Projector Lamps
DFN/DFC - $60.00,150W/120V/T12/G17q,  Eiko,Old Film & Slide Projector Lamps
DKN - $14.00,35W/6V/T12/4pin,  Osram,Old Film & Slide Projector Lamps
DNE - $14.50,150W/120V/MR16/G7.9,  Eiko,Old Film & Slide Projector Lamps
DNS/FMC - Use EGE - $35.00,500W/120V/T12/P28s,  Ushio,Old Film & Slide Projector Lamps
DRB - $20.00,1000W/120V/T20/P28s,  GE,Old Film & Slide Projector Lamps
DRL - $15.00,300W/115-120V/T20/P28s,  GE,Old Film & Slide Projector Lamps
DVY - $14.00,650W/120V/G6/G5.3,  Eiko,Old Film & Slide Projector Lamps
DYS - $7.00,600W/120V/T6/Gz9.5,  Osram,Old Film & Slide Projector Lamps
EAD - $9.00,60W/120V/T6.5/Ba15d,  Eiko,Old Film & Slide Projector Lamps
EBV - $2.75,#2/500W/120V/PS25/E26/Photoflood,  GE,Old Film & Slide Projector Lamps
EFM/64607 - $15.00,50W/8V/MR16/Gz6.35,  Osram,Old Film & Slide Projector Lamps
EFR/64634HLX - $9.50,150W/15V/MR16/Gz6.35,  Osram,Old Film & Slide Projector Lamps
EHA - $15.00,500W/120V/T6/Gy9.5,  Osram,Old Film & Slide Projector Lamps
EJV - $14.00,150W/21V/MR16/Gx5.3,  Osram,Old Film & Slide Projector Lamps
ELC/64653HLX - $9.00,250W/24V/MR16/Gx5.3,  Osram,Old Film & Slide Projector Lamps
ENH - $10.50,250W/120V/MR16/Gy5.3,  Osram,Old Film & Slide Projector Lamps
EKL - $11.00,150W/21V/T3/Gy9.5,  GE,Old Film & Slide Projector Lamps
ELC-E - $17.00,250W/24V/MR16/Gx5.3,  Eiko,Old Film & Slide Projector Lamps
ENX/5 - $8.50,360W/86V/MR16/Gy5.3,  Eiko,Old Film & Slide Projector Lamps
ESB/64225HLX - $4.00,20W/6V/T3.5/G4,  Osram,Old Film & Slide Projector Lamps
ESM - $15.00,250W/120V/T4/E11,  Osram,Old Film & Slide Projector Lamps
ESP - $10.00,150W/120V/T4/Ba15d,  Osram,Old Film & Slide Projector Lamps
ESS - $9.00,250W/120V/T4/Ba15d,  Osram,Old Film & Slide Projector Lamps
EVA/64623HLX - $6.00,250W/24V/T4/Gy6.35,  Osram,Old Film & Slide Projector Lamps
EVD 64663 HLX - $8.50,400W/36V/T6/G6.35,  Osram,Old Film & Slide Projector Lamps
EVW - $10.00,250W/82V/T3.5/Gy5.3,  Osram,Old Film & Slide Projector Lamps
EXR/5 - $12.00,300W/86V/MR13/Gx5.3,  Eiko,Old Film & Slide Projector Lamps
EYB/5 - $8.00,360W/86V/T3.5/G5.3,  Osram,Old Film & Slide Projector Lamps
EYH/FKT - $12.00,250/120V/T6/G5.3,  Osram,Old Film & Slide Projector Lamps
EZK - $12.50,150W/120V/MR16/GY5.3,  GE,Old Film & Slide Projector Lamps
FAD - $9.75,Q650T4/4CL/R7s,  GE,Old Film & Slide Projector Lamps
FCL - $3.00,Q500T3/CL,  GE,Old Film & Slide Projector Lamps
FCS/HLX64640 - $3.00,150W/24V/T4/G6.35,  Osram,Old Film & Slide Projector Lamps
FDV/64642HLX - $12.00,150W/24V/T4/G6.35,  Osram,Old Film & Slide Projector Lamps
FEY - $27.00,2000W/120V/T8/Rx7s,  Ushio,Old Film & Slide Projector Lamps
FFM - $17.50,420W/120V/T4/R7s,  Osram,Old Film & Slide Projector Lamps
FHS/5 - $9.50,300W/86V/MR13/Gx5.3,  Eiko,Old Film & Slide Projector Lamps
FLW - $11.00,300W/24V/T4/Gy6.35,  Eiko,Old Film & Slide Projector Lamps
FNT/64656PT HLX - $9.50,275W/24V/T4/G6.35,  Osram,Old Film & Slide Projector Lamps
FXL - $8.75,410W/82V/MR16/Gy5.3,  Osram,Old Film & Slide Projector Lamps
EZT - DISCONTINUED - $0.00,Marc 350/16T (350W/45V/T3.5/2pin plug),  GE,Old Film & Slide Projector Lamps
BAH - $2.25,300W/115V/A21/E26/IF,  GE,Old Film & Slide Projector Lamps
64250HLX/ESB - $4.00,20W/6V/T3.5/G4,  Osram,Old Film & Slide Projector Lamps
64657HLX/EVC - $4.00,250W/24V/T4/G6.35,  Osram,Old Film & Slide Projector Lamps
64607/EFM - $15.00,50W/8V/MR16/Gz6.35,  Osram,Old Film & Slide Projector Lamps
64615HLX/EFN - $15.50,75W/12V/MR16/Gz6.35,  Osram,Old Film & Slide Projector Lamps
64655HLX/EHJ - $3.00,250W/24V/T4/G6.35,  Osram,Old Film & Slide Projector Lamps
64642HLX/FDV - $12.00,150W/24V/T4/G6.35,  Osram,Old Film & Slide Projector Lamps
64663HLX/EVD - $8.50,400W/36V/T6/G6.35,  Osram,Old Film & Slide Projector Lamps
64640HLX/FCS - $3.00,150W/24V/T4/G6.35,  Osram,Old Film & Slide Projector Lamps
DFK - $6.00,1000W/120V/T12/P461,  GE,Old Film & Slide Projector Lamps
ENH - Apollo - $9.50,250W/120V/MR16/Gy5.3,  Import,Old Film & Slide Projector Lamps
FHS Apollo - $5.00,300W/82V/MR16/GX5.3,  Import,Old Film & Slide Projector Lamps
CWA - $17.50,750W/120V/T12/G17q,  Osram,Old Film & Slide Projector Lamps
BVK - $2.00,6.5A/5V/T5/P15s,  Osram,Old Film & Slide Projector Lamps
BCK - $20.00,500W/120V/T6/G17q,  Osram,Old Film & Slide Projector Lamps
DFD - $15.00,1000W/21V/T12/P28s,  Osram,Old Film & Slide Projector Lamps
DLR - $5.00,250W/21V/T14/G17q,  Osram,Old Film & Slide Projector Lamps
64664HLX - $17.00,400W/36W/T6,  Osram,Old Film & Slide Projector Lamps
ELC/5 - $9.00,250W/24V/MR16/Gx5.3,  Eiko,Old Film & Slide Projector Lamps
BRL (64610/HLX) - $3.00,50W/12V/T3/G6.35,  Osram,Old Film & Slide Projector Lamps
BVA - $27.00,900W/120V/Gy9.35,  Osram,Old Film & Slide Projector Lamps
BXE - $6.00,7.5A/10V/T8/Ba15s,  Ushio,Old Film & Slide Projector Lamps
CAR - $15.00,150W/120V/T10/G17q,  GE,Old Film & Slide Projector Lamps
CAX-130 - $5.00,50W/130V/T8/Ba15d,  Eiko,Old Film & Slide Projector Lamps
CBA - $25.00,500W/120V/T6/G17q,  GE,Old Film & Slide Projector Lamps
CDD - $8.75,100W/120V/T8/Ba15s,  Eiko,Old Film & Slide Projector Lamps
CLX/CMB - $9.00,300W/120V/BA15d,  GE,Old Film & Slide Projector Lamps
CZA/CZB - $20.00,500W/120V/T10/G17q,  Eiko,Old Film & Slide Projector Lamps
DAT - $20.00,400W/120V/T10/G17Q,  GE,Old Film & Slide Projector Lamps
CRL/CRX - $11.00,300W/32-34V/T10/E26,  GE,Old Film & Slide Projector Lamps
DDB - $25.00,750W/120V/P28s,  GE,Old Film & Slide Projector Lamps
DDM - $13.00,80W/19V/T3.15/Gx5.3,  GE,Old Film & Slide Projector Lamps
DFE - $22.00,80W/30V/T12/Gx17q,  GE,Old Film & Slide Projector Lamps
DKM - $24.00,250W/21.5V/T14/G17q,  GE,Old Film & Slide Projector Lamps
DKP - $14.00,250W/21.5V/T14/4pin,  Osram,Old Film & Slide Projector Lamps
DNF - $13.00,150W/21V/MR16/Gx7.9,  Osram,Old Film & Slide Projector Lamps
DRA - $11.00,300W/120V/T5/G6.35,  Eiko,Old Film & Slide Projector Lamps
DRC - $19.00,1000W/120V/T20/P28s,  GE,Old Film & Slide Projector Lamps
DRS - $18.50,1000W/120V/T20/P28s,  Eiko,Old Film & Slide Projector Lamps
DYP - $17.00,600W/120V/G7/2button,  Eiko,Old Film & Slide Projector Lamps
DYS/5 - $8.00,600W/125V/G7/Gz9.5,  Eiko,Old Film & Slide Projector Lamps
EAJ - $9.50,35W/12V/T6.5/Ba15d,  Eiko,Old Film & Slide Projector Lamps
EFN/64615HLX - $11.00,75W/12V/MR16/Gz6.35,  Osram,Old Film & Slide Projector Lamps
EFP/64627HLX - $9.50,100W/12V/MR16/Gz6.35,  Osram,Old Film & Slide Projector Lamps
EGW/64535 - $20.00,650W/120V/T8/GX6.35,  Osram,Old Film & Slide Projector Lamps
EHJ/64655HLX - $3.00,250W/24V/T4/G6.35,  Osram,Old Film & Slide Projector Lamps
EKE - $9.00,150W/21V/MR16/Gx5.3,  Osram,Old Film & Slide Projector Lamps
ELH - $8.50,300W/120V/MR16/Gy5.3,  Osram,Old Film & Slide Projector Lamps
EKG - $13.00,80W/19V/MR16/2pin,  GE,Old Film & Slide Projector Lamps
ELB - $12.75,80W/30V/MR16/Gx5.3,  GE,Old Film & Slide Projector Lamps
ELH/5 - $9.00,300W/125V/MR16/Gy5.3,  Eiko,Old Film & Slide Projector Lamps
ESA/FHD 64225 - $9.00,10W/6V/T3/G4,  Osram,Old Film & Slide Projector Lamps
ESJ - $16.00,85W/82V/MR16/Gy5.3,  GE,Old Film & Slide Projector Lamps
ESN - $14.00,100W/120V/T4/E11,  Osram,Old Film & Slide Projector Lamps
ESR - $10.50,100W/120V/T4/Ba15d,  Osram,Old Film & Slide Projector Lamps
ESX - $3.50,20W/12V/MR16/Gu5.3/NSP,  Osram,Old Film & Slide Projector Lamps
EVC/FGX 64657HLX - $4.00,250W/24V/T4/G6.35,  Osram,Old Film & Slide Projector Lamps
EVR - $10.75,Q500CL/MC/120V,  Osram,Old Film & Slide Projector Lamps
EXR - $8.00,300W/82V/T3.5/Gx5.3,  Osram,Old Film & Slide Projector Lamps
EYB - $7.00,360W/82V/T3.5/G5.3,  Osram,Old Film & Slide Projector Lamps
EYF - $3.50,75W/12V/MR16/12degSP/Gu5.3,  Eiko,Old Film & Slide Projector Lamps
EYJ - $3.50,75W/12V/MR16/24degMFL/Gu5.3,  Eiko,Old Film & Slide Projector Lamps
EZM - DISCONTINUED - $0.00,EZM Marc 300/16,  GE,Old Film & Slide Projector Lamps
FAL - $10.00,420W/120V/R7s,  Osram,Old Film & Slide Projector Lamps
FCR/64625HLX - $3.25,100W/12V/T3.5/Gy6.35,  Osram,Old Film & Slide Projector Lamps
FCZ - $6.50,Q500T3/120V,  Ushio,Old Film & Slide Projector Lamps
FEV - $8.00,200W/120V/T4/Ba15d,  Osram,Old Film & Slide Projector Lamps
FFJ - $13.50,600W/120V/T4/R7s,  Osram,Old Film & Slide Projector Lamps
FHS - $8.75,300W/82V/MR13/Gx5.3,  GE,Old Film & Slide Projector Lamps
FLT - $10.50,25W/13.8V/MR11/Gz4,  Eiko,Old Film & Slide Projector Lamps
FNS/64512 - $17.00,300W/120V/T5/Gx6.35,  Osram,Old Film & Slide Projector Lamps
FSH - $15.50,125W/120V/T3.5/G5.3,  Osram,Old Film & Slide Projector Lamps
EZG - $96.00,Gemini 300 (300W/35V/T3.5/2 pin plug),  GE,Old Film & Slide Projector Lamps
BAB - $3.50,20W/12V/MR16/GU5.3/38Deg,  Eiko,Old Film & Slide Projector Lamps
BAK - $5.25,75A/4V/T5/P30s,  GE,Old Film & Slide Projector Lamps
64656PT-HLX/FNT - $9.80,275W/24V/T4/G6.35,  Osram,Old Film & Slide Projector Lamps
64610HLX/BRL - $3.00,50W/12V/T3/G6.35,  Osram,Old Film & Slide Projector Lamps
64627HLX/EFP - $9.50,100W/12V/MR16/Gz6.35,  Osram,Old Film & Slide Projector Lamps
64634HLX/EFR - $9.50,150W/15V/MR16/Gz6.35,  Osram,Old Film & Slide Projector Lamps
64512/FNS - $17.00,300W/120V/T5/Gx6.35,  Osram,Old Film & Slide Projector Lamps
64623HLX/EVA - $6.00,100W/12V/T4/Gy6.35,  Osram,Old Film & Slide Projector Lamps
64625HLX/FCR - $3.25,100W/12V/T3.5/Gy6.35,  Osram,Old Film & Slide Projector Lamps
ENZ - $11.50,50W/30V/MR16/GX3.5,  Eiko,Old Film & Slide Projector Lamps
FHS Apollo - $5.00,300W/82V/MR13/Gx5.3,  Apollo,Old Film & Slide Projector Lamps
CAL/CXP - $5.00,300W/120V/T10/G17q,  Osram,Old Film & Slide Projector Lamps
Bulbs - $0.00,Excess/Old Bulbs? We'll Buy 'Em,  Osram,Old Film & Slide Projector Lamps
BTD - $2.00,.20A/7V/T5/DCP,  Osram,Old Film & Slide Projector Lamps
CTT - $20.00,1000W/120V/T12/G17q,  Osram,Old Film & Slide Projector Lamps
DCF - $3.00,150W/21V/T12/G17q,  Osram,Old Film & Slide Projector Lamps
BAK - $5.25,75A/4V/T5/P30s,  Osram,Old Film & Slide Projector Lamps
64535/EGW - $20.00,650W/120V/T8/GX6.35,  Osram,Old Film & Slide Projector Lamps
FEY - $8.95,Osram FEY,  Osram,Old Film & Slide Projector Lamps
HMI575W/GS - $98.00,HMI575W/GS,  Osram,Specialty Discharge Lamps
HTI2500W/SE - $450.00,2500W/115V/G22+Cable/Hot Restart,  Osram,Specialty Discharge Lamps
HTI400W/SE/55V - $195.00,400W/55V/FaX1.5 Hot Restart,  Osram,Specialty Discharge Lamps
HTI150W - $95.00,150W/90V/Gy9.5,  Osram,Specialty Discharge Lamps
HTI600W/SE - $185.00,600W/95V/FaX1.5 Hot Restart,  Osram,Specialty Discharge Lamps
HMI1200W/GS - $115.00,1200W/100V/SFc15.5/Hot Restart,  Osram,Specialty Discharge Lamps
HMI1200W/SE - $185.00,1200W/100V/G38/Hot Restart,  Osram,Specialty Discharge Lamps
MSD200 - $95.00,200W/70V/Gy9.5/6000K/80CRI,  Philips,Specialty Discharge Lamps
MSD575 - $180.00,575W/95V/Gx9.5/6000K/75CRI,  Philips,Specialty Discharge Lamps
MSR400 - $140.00,400W/70V/Gx9.5/5900K/92CRI,  Philips,Specialty Discharge Lamps
MSR575/2 - $115.00,575W/95V/Gx9.5/7200K/80CRI,  Philips,Specialty Discharge Lamps
MSR700/2 - $140.00,700W/72V/G22-28x42/7200K/80CRI,  Philips,Specialty Discharge Lamps
MSR1200 - $140.00,1200W/100V/G22-30x53/5900K/95CRI,  Philips,Specialty Discharge Lamps
MSR1200/HR - $170.00,1200W/100V/G38/6000K/95CRI,  Philips,Specialty Discharge Lamps
XBO100W OFR - $230.00,100W/14V Xenon Short Arc,  Osram,Specialty Discharge Lamps
XBO1600W/HS OFR - $750.00,1550W/23V Xenon Short Arc,  Osram,Specialty Discharge Lamps
XBO2000W/HS OFR - $625.00,2000W25V Xenon Short Arc,  Osram,Specialty Discharge Lamps
"XBO4000W/HS OFR - $1,185.00",4000W/28V Xenon Short Arc,  Osram,Specialty Discharge Lamps
HBO200W/4 - $240.00,200W/61V Mercury Short Arc,  Osram,Specialty Discharge Lamps
HBO100W/2 - $110.00,100W/20V Mercury Short Arc,  Osram,Specialty Discharge Lamps
HBO50W L2 - $110.00,50W/42V Mercury Short Arc,  Osram,Specialty Discharge Lamps
HTI700/D4/75 - $165.00,700W/70V/D SharXS,  Osram,Specialty Discharge Lamps
HTI1200/D7/60XS - $140.00,HTI double ended metal halide (54268),  Osram,Specialty Discharge Lamps
MSR575 SA/2 DE - $175.00,575W/94V/SFc-11/7500K/75CRI,  Philips,Specialty Discharge Lamps
HTI152W - $50.00,150W/95V/Gy9.5,  Osram,Specialty Discharge Lamps
HTI300W/DX - $135.00,300W/100V/SFc10-4/Hot Restart,  Osram,Specialty Discharge Lamps
HTI403W/24/55V - $295.00,THIS PRODUCT IS DELISTED,  Osram,Specialty Discharge Lamps
HTI400W/24/55V - $250.00,400W/55V Hot Restart,  Osram,Specialty Discharge Lamps
HMI575W/SE - $135.00,575W/75V/G22/6000K/Hot Restart,  Osram,Specialty Discharge Lamps
HMI1200W/S - $165.00,1200W/100V/SFc10-4/Hot Restart,  Osram,Specialty Discharge Lamps
HMI4000W - $325.00,4000W/200V/SFa21/Hot Restart,  Osram,Specialty Discharge Lamps
MSD250/2 - $110.00,250W/90V/Gy9.5/8500K/65CRI,  Philips,Specialty Discharge Lamps
MSD700 - $220.00,700W/72V/G22/6000K/75CRI,  Philips,Specialty Discharge Lamps
MSR400/HR - $140.00,400W/70V/Gzz9.5/6000K/95CRI,  Philips,Specialty Discharge Lamps
MSR575/HR - $130.00,575W/95V/G22/6000K/95CRI,  Philips,Specialty Discharge Lamps
MSR700/SA - $190.00,700W/72V/Gy9.5/5600K/80CRI,  Philips,Specialty Discharge Lamps
MSR1200/2 - $140.00,1200W/90V/G22-30x53/7200K/85CRI,  Philips,Specialty Discharge Lamps
MSR1200/SA - $225.00,1200W/100V/Gy22/5600K/80CRI,  Philips,Specialty Discharge Lamps
XBO1000W/HS OFR - $535.00,1000W/19V Xenon Short Arc,  Osram,Specialty Discharge Lamps
XBO2000W/H OFR - $475.00,2000W/28V Xenon Short Arc,  Osram,Specialty Discharge Lamps
XBO2500W/HS OFR - $825.00,2500W/26V Xenon Short Arc,  Osram,Specialty Discharge Lamps
"XBO7000W/HS OFR - $1,400.00",7000W/42V Xenon Short Arc,  Osram,Specialty Discharge Lamps
HBO103W/2 - $110.00,100W/23V Mercury Short Arc,  Osram,Specialty Discharge Lamps
HBO50W AC L1 - $110.00,50W/37V Mercury Short Arc,  Osram,Specialty Discharge Lamps
XBO75W/2 OFR - $175.00,75W/14V Xenon Short Arc,  Osram,Specialty Discharge Lamps
HMI1200W/DX5 - $115.00,HMI double ended metal halide (55139),  Osram,Specialty Discharge Lamps
MSR400SA/DE Gold - $150.00,400W/SFc10-4/7500K/70CRI,  Philips,Specialty Discharge Lamps
XBO75W/2 OFR - $175.00,75W/14V Xenon Short Arc,  Osram,Medical/Microscope
HBO50W AC L2 - $110.00,50W/42V Mercury Short Arc,  Osram,Medical/Microscope
HBO100W/2 - $110.00,100W/20V Mercury Short Arc,  Osram,Medical/Microscope
BLC - $4.00,30W/120V Incandescent,  GE,Medical/Microscope
EKE - $9.00,150W/21V/MR16,  Osram,Medical/Microscope
FCR - $3.25,100W/12V/64625HLX,  Osram,Medical/Microscope
ESA/FHD - $0.00,10W/6V/T3,  Osram,Medical/Microscope
JC6V30W - $7.50,30W/6V/G4,  Ushio,Medical/Microscope
HBO50W AC L1 - $110.00,50W/37V Mercury Short Arc,  Osram,Medical/Microscope
HBO50W/3 - $100.00,50W/23V Mercury Short Arc,  Osram,Medical/Microscope
HBO103W/2 - $110.00,100W/23V Mercury Short Arc,  Osram,Medical/Microscope
BRL - $3.00,50W/12V - 64610HLX,  Osram,Medical/Microscope
EJA - $9.50,150W/21V/MR16/Gx5.3,  Osram,Medical/Microscope
EVA - $6.50,100W/12V,  Osram,Medical/Microscope
1460X - $6.50,2.75A/6.5V/S8/DCPrefocus,  Eiko,Medical/Microscope
CXE 300 - $265.00,300 watt Ceramic Xenon Incandescent,  GE,Medical/Microscope
LU35/MED - $12.00,35W/52V/ED17/E26/Clear,  Eiko,HID
LU50 - $12.00,50W/52V/ED23.5/E39/Clear,  Eiko,HID
LU50/MED - $10.50,50W/52V/ED17/E26/Clear,  Eiko,HID
LU70 - $12.00,70W/52V/ED23.5/E39/Clear,  Eiko,HID
LU70/MED - $12.00,70W/52V/ED17/E26/Clear,  Eiko,HID
LU100 - $11.00,100W/55V/ED23.5/E39/Clear,  Eiko,HID
LU100/MED - $10.00,100W/55V/ED17/E26/Clear,  Eiko,HID
LU150/55/MED - $10.00,150W/55V/ED17/E26/Clear,  Eiko,HID
LU150/55 - $11.00,150W/55V/ED23/E39/Clear,  Eiko,HID
LU150/100 - $11.00,150W/100V/ED28/E39/Clear,  Eiko,HID
LU200 - $17.00,200W/100V/ED18/E39/Clear,  Eiko,HID
LU250/D - $14.00,250W/100V/ED28/E39/Diffused,  Eiko,HID
LU400 - $10.00,400W/100V/ED18/E39/Clear,  Eiko,HID
LU600 - $25.00,600W/100Vor250V/T14.5/E39/Clear,  Eiko,HID
MH-DE70/TD/UVS/3K - $19.50,70W/T6/RSC/UVshielded,  Eiko,HID
MH-DE150/TD/UVS/3K - $19.50,150W/T7/RSC/UVshielded,  Eiko,HID
MH-DE150/TD/UVS/6K - $19.50,150W/T7/RSC/UVshielded,  Eiko,HID
MH-DE250/TD/3K - $27.50,250W/T8/FC2,  Eiko,HID
MH-DE250/TD/3K/RSC - $27.50,250W/T8/RSC,  Eiko,HID
MH-DE400/TD/3K - $40.00,400W/T9.5/FC2,  Eiko,HID
MH-SE70/UVS/3K - $40.00,70W/T7/G12/UVshielded,  Eiko,HID
MH-SE150/UVS/3K - $40.00,150W/T7/G12/UVshielded,  Eiko,HID
MH-SE150/UVS/4K - $40.00,150W/T7/G12/UVshielded,  Eiko,HID
H38JA-100/DX - $11.00,100W/ED23.5/E39/white,  Eiko,HID
H39KC-175/DX - $11.00,175W/ED28/E39/white,  Eiko,HID
H37KC-250/DX - $11.00,250W/ED28/E39/white,  Eiko,HID
MH50/U/MED - $21.00,50W/BD17/E26/clear,  Eiko,HID
MH70/U/MED - $21.00,70W/BD17/E26/clear,  Eiko,HID
MH100/U/MED - $21.00,100W/BD17/E26/clear,  Eiko,HID
MH150/U/MED - $21.00,150W/BD17/E26/coated,  Eiko,HID
MH175/C/U/MED - $21.00,175W/BD17/E26/coated,  Eiko,HID
MH175/U - $18.00,175W/B28/E39/clear,  Eiko,HID
MH250/C/U - $18.00,250W/B28/E39/coated,  Eiko,HID
MH1000/U - $28.00,1000W/BT56/E39/clear,  Eiko,HID
MH1500/U - $28.00,1500W/BT56/E39/clear,  Eiko,HID
H33GL-400DX - $10.25,400W/ED37/E39/white,  Eiko,HID
S250E28/DX/M - $19.50,250W/ED28/E26/white,  Eiko,HID
LU35/D/MED - $16.00,35W/52V/ED17/E26/Diffused,  Eiko,HID
LU50/D - $14.00,50W/52V/ED23.5/E39/Diffused,  Eiko,HID
LU50/D/MED - $12.00,50W/52V/ED17/E26/Diffused,  Eiko,HID
LU70/D - $14.00,70W/52V/ED23.5/E39/Diffused,  Eiko,HID
LU70/D/MED - $16.00,70W/52V/ED17/E26/Diffused,  Eiko,HID
LU100/D - $14.00,100W/55V/ED23.5/E39/Diffused,  Eiko,HID
LU100/D/MED - $11.00,100W/55V/ED17/E26/Diffused,  Eiko,HID
LU150/55/D/MED - $11.00,150W/55V/ED17/E26/Diffused,  Eiko,HID
LU150/55/D - $14.00,150W/55V/ED23.5/E39/Diffused,  Eiko,HID
LU150/100/D - $14.00,150W/100V/ED28/E39/Diffused,  Eiko,HID
LU250 - $10.00,250W/100V/ED18/E39/Clear,  Eiko,HID
LU310 - $19.00,310W/100V/ED18/E39/Clear,  Eiko,HID
LU400/D - $14.00,400W/100V/ED28/E39/Diffussed,  Eiko,HID
LU1000 - $25.00,1000W/250V/T21/E39/Clear,  Eiko,HID
MH-DE70/TD/UVS/4K - $19.50,70W/T6/RSC/UVshielded,  Eiko,HID
MH-DE150/TD/UVS/4K - $19.50,150W/T7/RSC/UVshielded,  Eiko,HID
MH-DE150/TD/UVS/10K - $19.50,150W/T7/RSC/UVshielded,  Eiko,HID
MH-DE250/TD/4K - $27.50,250W/T8/FC2,  Eiko,HID
MH-DE250/TD/4K/RSC - $27.50,250W/T8/RSC,  Eiko,HID
MH-DE400/TD/4K - $40.00,400W/T9.5/FC2,  Eiko,HID
MH-SE70/UVS/4K - $40.00,70W/T7/G12/UVshielded,  Eiko,HID
MH-SE150/UVS/3K - $40.00,150W/T7/G12/UVshielded,  Eiko,HID
H46DL-40/50/DX - $11.00,40-50W/ED17/E26/white,  Eiko,HID
H38MP-100/DX - $14.00,100W/A23/E26/white,  Eiko,HID
H39KB-175 - $11.00,175W/ED28/E39/clear,  Eiko,HID
MH50/C/U/MED - $21.00,50W/BD17/E26/coated,  Eiko,HID
MH70/C/U/MED - $21.00,70W/BD17/E26/coated,  Eiko,HID
MH100/C/U/MED - $21.00,100W/BD17/E26/coated,  Eiko,HID
MH150/C/U/MED - $21.00,150W/BD17/E26/coated,  Eiko,HID
MH150/U/MED - $21.00,150W/BD17/E26/clear,  Eiko,HID
MH50/U/MED - $21.00,50W/BD17/E26/clear,  Eiko,HID
MH175/C/U - $18.00,175W/B28/E39/coated,  Eiko,HID
MH400/U - $18.00,400W/B37/E39/clear,  Eiko,HID
MH1000/C/U - $28.00,1000W/BT56/E39/coated,  Eiko,HID
H37KB-250 - $10.25,250W/ED28/E39/clear,  Eiko,HID
H33CD-400 - $10.25,400W/ED37/E39/clear,  Eiko,HID
S250E28/DX - $19.50,250W/ED28/E39/white,  Eiko,HID
64260 - $16.00,64260 Slit Lamp,  Osram,Ophthalmic
CAX/130V - $5.00,50W/130V/T8/Ba15d,  GE,Ophthalmic
CAX/120V - $5.00,50W/120V/T8/Ba15d,  GE,Ophthalmic
CAX/130V Halogen Hybec - $15.00,50W/130V/T8/Ba15d,  Hybec,Ophthalmic
64610 HLX/BRL - $3.00,50W/12V/T3/G6.35,  Osram,Ophthalmic
BT53Z (19/112) - $14.50,25W/6V/Ba20d,  Dr. Fischer,Ophthalmic
CDD - $9.00,100W/120V/T8/Ba15s,  GE,Ophthalmic
ELH - $8.50,300W/120V/MR16/Gy5.3,  Eiko,Ophthalmic
64251HLX - $20.00,20W/6V/T3/Pg22,  Osram,Ophthalmic
15S11/102/IF - $2.00,15W/120V/S11/E26/IF,  Osram,Ophthalmic
25T8/SCP/6 - $15.50,25W/6V/P15S,  Import,Ophthalmic
11143 - $7.00,20W/6V/T2.5/G4,  Eiko,Ophthalmic
41328 - $17.00,4.5A/6V/S11/E14w/SpecFlange,  Eiko,Ophthalmic
41336 - $10.00,1.5W/3V/T2.5,  Eiko,Ophthalmic
41306 - $4.75,30W/6V/T8/Ba15d,  Eiko,Ophthalmic
1493 - $3.85,18W/6.5V/S8/Ba15d,  GE,Ophthalmic
1096 - $17.00,4.5A/6V/S8/DC Pf,  GE,Ophthalmic
25S11/5C - $4.00,25W/120V/S11/E12/frost,  GE,Ophthalmic
EFP/64627HLX - $9.50,100W/12V/MR16/Gz6.35,  Osram,Ophthalmic
EHJ/64655HLX - $3.00,250W/24V/T4/G6.35,  Osram,Ophthalmic
EJA - $9.50,150W/21V/MR16/Gx5.3,  Osram,Ophthalmic
EKE - $9.00,150W/21V/MR16/Gx5.3,  GE,Ophthalmic
ENX - $7.50,360W/82V/MR16/Gy5.3,  Osram,Ophthalmic
64250HLX/ESB - $4.00,20W/6V/T3.5/G4,  Osram,Ophthalmic
64623HLX/EVA - $6.00,100W/12V/T4/Gy6.35,  Osram,Ophthalmic
64625HLX/FCR - $3.25,100W/12V/T3.5/Gy6.35,  Osram,Ophthalmic
FHE/M34 - $3.95,FHE/M-34 GE,  GE,Ophthalmic
1460 - $7.50,18W/6.5V/P30d/S8,  GE,Ophthalmic
BAB - $3.50,20W/12V/MR16/GU5.3/38Deg,  GE,Ophthalmic
CAX/130V HP - $6.50,50W/130V/T8/Ba15d/2900K,  Ushio,Ophthalmic
BRL/64610 HLX - $3.00,50W/12V/T3/G6.35,  Osram,Ophthalmic
19/112 (BT53Z) - $14.50,25W/6V/Ba20d,  Import,Ophthalmic
CBX/CBS - $12.00,75W/120V/T8/Ba15d,  Ushio,Ophthalmic
DDL - $9.25,150W/20V/MR16/Gx5.3,  Osram,Ophthalmic
FHE/M34 - $3.95,20W/6V/G4,  GE,Ophthalmic
15S11/14 - $4.75,15W/120V/S11/E12/clear,  GE,Ophthalmic
25S11/2C - $4.00,25W/120V/S11/E12,  GE,Ophthalmic
25S11N/IF - $2.50,25W/120V/S11/E17/IF,  Import,Ophthalmic
41340 - $10.50,4.5A/6V/S11/E14w/SpecFlange,  Eiko,Ophthalmic
41332 - $17.00,35W/7V/S8/DCprefocus,  Eiko,Ophthalmic
41358 - $81.25,4.2A/12V/T3.25/E14w/specFlng,  Eiko,Ophthalmic
41308 - $9.00,15W/6V/T6/DC pref w/triangle flange,  Eiko,Ophthalmic
1468 - $14.50,4.5A/6V/S8/PG22,  GE,Ophthalmic
15S11/87 - $3.50,15W/120V/S11/E17/clear,  Eiko,Ophthalmic
DNF - $13.00,150W/21V/MR16/Gx7.9,  Osram,Ophthalmic
64627 HLX/EFP - $9.50,100W/12V/MR16/Gz6.35,  Osram,Ophthalmic
64655HLX/EHJ - $3.00,250W/24V/T4/G6.35,  Osram,Ophthalmic
EJV - $14.00,150W/21V/MR16/Gx5.3,  Osram,Ophthalmic
ELC - $9.00,250W/24V/MR16/Gx5.3,  Osram,Ophthalmic
ESB/64250HLX - $4.00,20W/6V/T3.5/G4,  Osram,Ophthalmic
EVA/64623HLX - $6.00,100W/12V/T4/Gy6.35,  Osram,Ophthalmic
FCR/64625HLX - $3.25,100W/12V/T3.5/Gy6.35,  Osram,Ophthalmic
1507 - $5.18,3A/12.5V/RP11/SCprefocus,  Eiko,Ophthalmic
300PAR56/MFL - $12.00,300PAR56/MFL,  Osram,Incandescent
300PAR56/NSP - $12.00,300PAR56/NSP,  Osram,Incandescent
6S6/120V - $0.46,6W/120V/S6/E12,  Eiko,Incandescent
6S6/155V - $0.46,6W/155V/S6/E12,  Eiko,Incandescent
7C7/CL/130V - $0.25,7W/130V/C7/E12,  Eiko,Incandescent
7-1/2 S11/120V/COLORS - $1.80,7-1/2W 120V/S11/E26,  GE,Incandescent
10S6/120V - $1.30,10W/120V/S6/E12/CL,  Osram,Incandescent
15A/W - $1.25,15W/120V/A15/E26,  GE,Incandescent
15S11/13 - $2.30,15W/120V/S11/E12,  Eiko,Incandescent
15S11/102/CL - $2.35,15W/120V/S11/E26/Clear,  Eiko,Incandescent
15T6 - $2.75,15W/120V/T6/E12/Clear,  GE,Incandescent
20T6.5/IF - $4.40,20W/120V/T6.5/E17/Frost,  GE,Incandescent
300PAR56/WFL - $12.00,300PAR56/WFL,  Osram,Incandescent
500PAR64/NSP - $22.50,500PAR64/NSP,  Osram,Incandescent
25S11/2C - $4.00,25W/120V/S11/E12,  GE,Incandescent
25A/W - $1.25,25W/120V/A19/E26/soft white,  GE,Incandescent
25A11N/IF - $2.50,25W/120V/S11/E17/IF,  Import,Incandescent
25T8/SCP/6 - $0.00,25W/6V/P15S,  Import,Incandescent
40G25/W - $2.30,40W/120V/G25/E26/white,  Import,Incandescent
40T10/F - $2.60,40W/120V/T10/E26/Frost,  GE,Incandescent
50PAR20/H/NFL30/130V - $5.50,50W/120V/PAR20/E26/NFL30,  Osram,Incandescent
50PAR20/H/NSP10/130V - $5.50,50W/130V/PAR20/E26/NSP10,  Osram,Incandescent
90PAR38/CAP/FL30/120V - $5.50,90W/120V/PAR38/E26MedSkt/FL30,  Osram,Incandescent
90PAR38/CAP/SP9/120V - $5.50,90W/120V/PAR38/E26MedSkt/SP9,  Osram,Incandescent
50PAR30/CAP/FL40/120V - $5.50,50W/120V/PAR30/E26/FL40,  Osram,Incandescent
50PAR30/CAP/NFL25/120V - $5.50,50W/120V/PAR30/E26/NFL25,  Osram,Incandescent
50PAR30/CAP/NSP9/120V - $5.50,50W/120V/PAR30/E26/NSP9,  Osram,Incandescent
FCL 2 Pack - $4.00,Q500T3/CL,  GE,Incandescent
15S11/87 - $1.25,15W/120V/S11/E17,  Eiko,Incandescent
40S11N/1 - $3.00,40W/120V/S11/E17/Clear,  Osram,Incandescent
6S6/130V - $0.46,6W/130V/S6/E12,  Eiko,Incandescent
6S6/DC/120V - $0.46,6W/120V/S6/Ba15d,  Eiko,Incandescent
7-1/2 S11/120V/CL - $1.45,7-1/2W/120V/S11/E26,  GE,Incandescent
7-1/2 S11/120V/CW - $1.80,7-1/2W 120V/S11/E26/ FROSTED,  GE,Incandescent
10S11N/CW - $2.50,10W/130V/S11/E17/CW,  Import,Incandescent
15S11/F - $2.00,15W/120V/S11/E12,  Eiko,Incandescent
15S11/14 - $4.75,15W/120V/S11/E12,  GE,Incandescent
15S11/102/IF - $2.00,15W/120V/S11/E26/Frost,  Osram,Incandescent
15T7N - $2.35,15W/120V/T7/E17/Clear,  Osram,Incandescent
20T6.5/DC - $5.25,20W/120V/T6.5/Ba15d/Frost,  Eiko,Incandescent
500PAR64/MFL - $22.50,500PAR64/MFL,  Osram,Incandescent
500PAR64/WFL - $22.50,500PAR64/WFL,  Osram,Incandescent
25S11/5C - $4.00,25W/120V/S11/E12/frost,  GE,Incandescent
25A/CL - $1.30,25W/120V/A19/E26/Clear,  GE,Incandescent
25T8/DC/120V - $2.45,25W/120V/T8/Ba15d,  Import,Incandescent
25T10/F/130V - $2.60,25W/130V/T10/E26/Frost,  Eiko,Incandescent
40T10 - $2.40,40W/120V/T10/E26/Clear,  GE,Incandescent
50PAR20/H/NFL30/120V - $5.50,50W/120V/PAR20/E26/NFL30,  Osram,Incandescent
50PAR20/H/NSP10/120V - $5.50,50W/120V/PAR20/E26/NSP10,  Osram,Incandescent
50PAR20/H/WFL40/120V - $5.50,50W/120V/PAR20/E26/WFL40,  Osram,Incandescent
90PAR38/CAP/FL30/130V - $5.50,90W/130V/PAR38/E26MedSkt/FL30,  Osram,Incandescent
90PAR38/CAP/SP9/130V - $5.50,90W/130V/PAR38/E26MedSkt/SP9,  Osram,Incandescent
50PAR30/CAP/FL40/130V - $5.50,50W/130V/PAR30/E26/FL40,  Osram,Incandescent
50PAR30/CAP/NFL25/130V - $5.50,50W/130V/PAR30/E26/NFL25,  Osram,Incandescent
50PAR30/CAP/NSP9/130V - $5.50,50W/130V/PAR30/E26/NSP9,  Osram,Incandescent
TCP 19/35 - $3.75,TCP 19 watt/35K spiral CFL,TCP,Compact Fluorescent Bulbs
TCP 19/27 - $3.75,TCP 19 watt/27K spiral CFL,TCP,Compact Fluorescent Bulbs
TCP 14/41 - $3.50,14Watt/41K Spiral CFL,TCP,Compact Fluorescent Bulbs
TCP 14/50 - $3.75,14 watt/50K spiral CFL,TCP,Compact Fluorescent Bulbs
TCP23/35 - $3.75,TCP 23 watt/35K spiral CFL,TCP,Compact Fluorescent Bulbs
TCP23/50 - $4.00,TCP 23 watt/50K spiral CFL,TCP,Compact Fluorescent Bulbs
TCP 19/50 - $4.00,TCP 19 watt/50K spiral CFL,TCP,Compact Fluorescent Bulbs
TCP14/27 - $3.50,14 watt/27K spiral CFL,TCP,Compact Fluorescent Bulbs
TCP 19/41 - $3.75,TCP 19 watt/41K spiral CFL,TCP,Compact Fluorescent Bulbs
TCP23/27 - $3.75,TCP 23 watt/27K spiral CFL,TCP,Compact Fluorescent Bulbs
TCP23/41 - $4.00,TCP 23 watt/41K spiral CFL,TCP,Compact Fluorescent Bulbs
FSV - $10.00,Q20MR11/12V/Ba15d/NFL30deg,  Ushio,Display Lamps
FST - $7.50,Q20MR11/12V/Ba15d/SP17deg,  Ushio,Display Lamps
FTB - $3.50,Q20MR11/12V/GZ4/NSP10deg,  Ushio,Display Lamps
FTH - $2.25,Q35MR11/12V/GZ4/NFL30deg,  Eiko,Display Lamps
FTF - $3.50,Q35MR11/12V/GZ4/SP20deg,  Ushio,Display Lamps
ESX - $3.50,Q20MR16/12V/NSP12deg,  Ushio,Display Lamps
EYS - $4.00,Q42MR16/12V/GU5.3/NFL20deg,  Eiko,Display Lamps
EXN - $2.50,Q50MR16/12V/GU5.3/FL40deg,  Eiko,Display Lamps
EXT - $3.50,Q50MR16/12V/GU5.3/NSP13deg,  Eiko,Display Lamps
FPC - $6.00,Q65MR16/12V/GU5.3/NFL24deg,  Eiko,Display Lamps
EYC - $3.50,Q75MR16/12V/GU5.3/FL38deg,  Eiko,Display Lamps
EYF - $3.50,Q75MR16/12V/GU5.3/NSP14deg,  Eiko,Display Lamps
FSB - $11.50,JDR120V75WL/M24deg/E17,  Ushio,Display Lamps
FSC - $12.00,JDR120V100WL/NFL14deg/E17,  Ushio,Display Lamps
FSF - $13.00,JDR120V100W/WFL38deg/E17,  Ushio,Display Lamps
JDR120V75WL/MF - $15.20,JDR120V75WL/MF24deg/E26,  Ushio,Display Lamps
EXK/CC - $7.00,50W/12V/MR16/Gx5.3/NFL30,  GE,Display Lamps
FSS - $10.00,Q20MR11/12V/Ba15d/NSP10deg,  Ushio,Display Lamps
FTD - $3.50,Q20MR11/12V/GZ4/NFL30deg,  Ushio,Display Lamps
FTC - $3.00,Q20MR11/12V/GZ4/SP17deg,  Ushio,Display Lamps
FTE - $3.50,Q35MR11/12V/GZ4/NSP10deg,  Ushio,Display Lamps
BAB - $3.50,Q20MR16/12V/GU5.3/FL36deg,  Ushio,Display Lamps
EYP - $3.50,Q42MR16/12V/Gu5.3/FL36deg,  Eiko,Display Lamps
EYS - $4.00,Q42MR16/12V/GU5.3/NSP12deg,  Eiko,Display Lamps
EXZ - $3.00,Q50MR16/12V/GU5.3/NFL24deg,  Eiko,Display Lamps
FPB - $3.50,Q65MR16/12V/GU5.3/FL38deg,  Eiko,Display Lamps
FPA - $3.00,Q65MR16/12V/GU5.3/NSP14deg,  Eiko,Display Lamps
EYJ - $3.50,Q75MR16/12V/GU5.3/MFL26deg,  Eiko,Display Lamps
FSA (JDR120V75WL/N14deg/E17) - $9.25,JDR120V75WL/N14deg/E17,  Ushio,Display Lamps
FSD - $11.50,JDR120V75WL/W38deg/E17,  Ushio,Display Lamps
FSE - $13.00,JDR120V100WL/MFL24deg/E17,  Ushio,Display Lamps
JDR120V75WL/N - $15.20,JDR120V75WL/N14deg/E26,  Ushio,Display Lamps
JDR120V75WL/W - $15.20,JDR120V75WL/W30deg/E26,  Ushio,Display Lamps
85 - $0.26,.04A/28V Min Wedge base,  Eiko,Miniatures
93 - $1.05,1.04A/12.8V SC bay base,  GE,Miniatures
120MB - $0.70,.025A/120V Min Bay Base,  Eiko,Miniatures
159 - $0.22,.15A/6.3V Min Wedge base,  Eiko,Miniatures
222 - $0.23,.25A/2.25V Min Screw base,  Eiko,Miniatures
327 - $0.25,.04A/28V Midget Flange base,  Eiko,Miniatures
330 - $0.75,.08A/14V Midget Flange Base,  Eiko,Miniatures
385 - $0.33,.04A/28V Midget Flange base,  Eiko,Miniatures
388 - $0.33,.04A/28V Midget Groove base,  Eiko,Miniatures
778 - $6.00,3.33A/6V 2 pin Halogen,  Eiko,Miniatures
918 - $1.00,.56A/12.8V Min Wedge base,  Eiko,Miniatures
245 - $0.60,.5A/2.46V/G3.5 Min Screw base,  Eiko,Miniatures
1129 - $1.25,2.63A/6.4V SC Bay base,  Eiko,Miniatures
1156 - $0.90,2.1A/12.8V SC Bay base,  Eiko,Miniatures
1195 - $0.85,3A/12.5V SC Bay base,  Eiko,Miniatures
1460X - $6.50,2.75A/6.5V/S8/DCprefocus,  Eiko,Miniatures
1634 - $6.50,1A/20V/S8/DCprefocus,  Eiko,Miniatures
1763 - $5.25,4.1A/6.1V/S11/SCprefocus,  Eiko,Miniatures
1819 - $0.50,.04A/28V/T3-1/4/Min Bay Base,  Eiko,Miniatures
1822 - $0.45,.1A/36V/T-3-1/4/Min Bay base,  Eiko,Miniatures
2057 - $0.45,2.1-.48A/12.8-14V/S8/DC Index Bay Base,  Eiko,Miniatures
PR2 - $0.20,.5A/2.38V/B3-1/2/SC Min Flange base,  Eiko,Miniatures
14 - $1.25,.3A/2.47V/G3-1/2/Min Screw base,  Eiko,Miniatures
46 - $0.20,.25A/6.3V/T3-1/4/Min Screw base,  Eiko,Miniatures
53X - $0.22,.12A/14.4V/G3-1/2/Min Bay base,  GE,Miniatures
57 - $0.20,.24A/14V/G4-1/2/Min Bay base,  Eiko,Miniatures
1468 - $12.00,4.5A/6V/S8/PG22,  GE,Miniatures
1507 - $5.00,3A/12.5V/RP11/SCprefocus,  Eiko,Miniatures
64341 - $23.50,30W/12V/T3/Pg2,  Osram,Miniatures
64111 - $5.00,5W/12V/BA9s,  Osram,Miniatures
64405 - $3.00,Q5T3/12V/G4,  Osram,Miniatures
64425 - $6.00,Q20T3/G4/T3,  Osram,Miniatures
64486 - $11.50,100T10/H/CF/120V,  Osram,Miniatures
87 - $0.26,1.91A/6.8V SC bay base,  Eiko,Miniatures
98 - $0.40,.62A/13V SC bay base,  Eiko,Miniatures
120PSB5 - $0.95,.025A/120V slide base 5,  Eiko,Miniatures
194 - $0.19,.27A/14V Min Wedge base,  Eiko,Miniatures
259 - $0.30,.25A/6.3V Min Wedge base,  Eiko,Miniatures
328 - $0.65,.2A/6V Midget Flange base,  Eiko,Miniatures
382 - $0.45,.08A/14V Midget Flange base,  Eiko,Miniatures
387 - $0.35,.04A/28V Midget Flange base,  Eiko,Miniatures
656 - $0.26,.06A/28V Min Wedge Base,  Eiko,Miniatures
787 - $6.00,1.67A/6V 2 pin Halogen,  Eiko,Miniatures
233 - $0.50,.27A/2.33V Min Screw Base,  Eiko,Miniatures
1096 - $12.50,4.5A/6V DC pf,  GE,Miniatures
1133 - $2.25,3.91A/6.2V SC Bay base,  Eiko,Miniatures
1157 - $0.19,2.1A/12.8V-14 DC Index Bay base,  Eiko,Miniatures
1460 - $7.50,2.75A/6.5V DC Pf base,  Eiko,Miniatures
1489 - $11.50,2.75A/6.5V/T5/Ba15s,  GE,Miniatures
1651 - $0.50,.6A/5V/S8/BA15s,  Eiko,Miniatures
1818 - $0.33,.17A/24V/T3-1/4/Min Bay Base,  Eiko,Miniatures
1820 - $0.25,.1A/28V/T3-1/4/MinBayBase,  Eiko,Miniatures
1893 - $0.35,.33A/14V/T3-1/4/Min Bay Base,  Eiko,Miniatures
2604X - $29.50,10W/5V/TL2-3/4/G4,  GE,Miniatures
PR20 - $0.27,.5A/8.63V/B3-1/2/SC Min Flange base,  Eiko,Miniatures
43 - $0.50,.5A/2.5V/T3-1/4/Min Bay base,  Eiko,Miniatures
47 - $0.35,.15A/6.3V/T3-1/4/Min Bay base,  Eiko,Miniatures
55 - $0.20,.41A/7V/G4-1/2/Min Bay base,  Eiko,Miniatures
81 - $0.27,1.02A/6.5V/G6/Ba15s,  Eiko,Miniatures
1493 - $3.85,18W/6.5V/S8/Ba15d,  GE,Miniatures
64342 - $12.00,15V/100W,  Osram,Miniatures
64260 - $16.00,30W/12V/T3/Pg2,  Osram,Miniatures
64115 - $4.00,20W/12V/BA9s,  Osram,Miniatures
64410 - $6.50,6V/10W/G4/T9,  Osram,Miniatures
64435 - $7.50,Q20T3/CL/24V,  Osram,Miniatures
64514 - $7.25,300W/120V/GX6.35,  Osram,Miniatures
WK98-UV - $104.00,WK98-UV Flashtube,  Eiko,Flashtubes
WK92-UV - $48.00,1000W/800V Novatron - #2100 thru #2160/1000w/sHeads Colorcorrected,  Eiko,Flashtubes
WK76 - $30.00,"400W/600-1000V Speedotron MW3R, MW40Q",  Eiko,Flashtubes
WK95 - $50.00,400W/400V Photogenic H4-1 (Qc4) (DM7/FT300) (Ascor 060-601) (Ascor 060-603),  Eiko,Flashtubes
WK96 - $100.00,2000W/900V Norman FQ3 Photogenic-EP287,  Eiko,Flashtubes
WK96-UV - $108.00,2000W/900V Norman FQ3 Photogenic-EP287 ColorCorrected,  Eiko,Flashtubes
WK98 - $98.00,3200W/600-1200V Speedotron MW8QV(14570)#102,  Eiko,Flashtubes
WK120HD - $20.00,400W/450V Photogenic H4-6HD,  Eiko,Flashtubes
WK140HD - $24.00,400W/450-500V Norman 400B,  Eiko,Flashtubes
WK152 - $17.00,10-30W/400V FT152A-GE,  Eiko,Flashtubes
WK92 - $48.00,1000W/800V Novatron - #2100 thru #2160/1000w/sHeads,  Eiko,Flashtubes
WK94-UV - $28.00,400W/800V Novatron #2000 thru #2060 500w/sHeads (Color Corrected),  Eiko,Flashtubes
WK76-UV - $30.00,400W 600-1000V Speedotron MW3-UV(Color Corrected),  Eiko,Flashtubes
WK93 - $22.00,200W/400V Photgenic C4-1 (A390),  Eiko,Flashtubes
WK94 - $24.00,400W/800V Novatron #2000 thru #2060 500w/sHeads,  Eiko,Flashtubes
WK97 - $51.00,400W/900V Photogenic H9-1 (MW7/FT306/B),  Eiko,Flashtubes
WK101 - $126.00,600-1000W/450-950V Photogenic C4-5,  Eiko,Flashtubes
WK120HD-UV - $24.00,400W/450V Photogenic H4-6HD Lumedyne #090-UV (DM15-UV) (Ascor 660-860) ColorCorrected,  Eiko,Flashtubes
WK140HD-UV - $25.00,400W/450-500V Norman 400B-UV ColorCorrected,  Eiko,Flashtubes
TP22XL - $12.00,TP22XL w/Cable Assy (69006),  Osram,Sockets
TP22H - $18.00,TP22H w/Cable Assy (69005),  Osram,Sockets
TP22H - $28.00,TP22H w/Cable Assy (69017),  Osram,Sockets
SFC10-4 - $35.00,SFC10-4 Lamp holder (69004),  Osram,Sockets
TP220XL - $16.00,TP220XL - $16.00,  Ushio,Sockets
P28S - $18.00,P28S - $18.00,  Osram,Sockets
TP22H - $27.00,TP22H - $27.00,  Osram,Sockets
EPP130C - $33.50,Panasonic PV-BP50 (Lead),  Empire,Camcorder Batteries
EPP100C - $32.00,Panasonic PV-BP80/88 (Lead),  Empire,Camcorder Batteries
EPP110 - $33.50,"JVC GR-C9,11 (Grip Type - NiCad)",  Empire,Camcorder Batteries
EPP115 - $42.00,"Sharp BT-21, 22 (NiCad)",  Empire,Camcorder Batteries
EPP142S - $40.00,RCA EP-096FL/Minolta VBP-166 (Short)(Lead),  Empire,Camcorder Batteries
EPP150-2 - $27.00,"Panasonic PV-BP15, 17 (NiCad)",  Empire,Camcorder Batteries
EPP4496 - $39.00,EPP4496 (NiCad),  Empire,Camcorder Batteries
EPPKNB17 - $40.00,EPPKNB17 (NiCad),  Empire,Camcorder Batteries
EPP106 - $50.00,"Hitachi VMP 51,52 (NiCad)",  Empire,Camcorder Batteries
EPP124-2 - $56.00,Hitachi VMBP63A/ RCA BP-96FL (NiCad),  Empire,Camcorder Batteries
EPP104 - $46.00,RCA CB-120 (NiCad),  Empire,Camcorder Batteries
EPP109-2 - $27.00,Sony NP-66 (NiCad),  Empire,Camcorder Batteries
EPP113 - $42.00,Minolta/Pentax 8mm (NiCad),  Empire,Camcorder Batteries
EPP118-2 - $25.00,Canon BP-E722 (NiCad),  Empire,Camcorder Batteries
EPP143-2 - $33.50,RCA BB-060/Hitachi VM-BP82 (NiCad),  Empire,Camcorder Batteries
EPP154-2 - $40.00,"Goldstar GVC-A425, C425 (NiCad)",  Empire,Camcorder Batteries
EPPKNB15 - $45.00,EPPKNB15 (NiCad),  Empire,Camcorder Batteries
EPP101C - $37.00,Panasonic LCS-2012 VBNC (Lead),  Empire,Camcorder Batteries
EPP114 - $57.50,Sony/Sanyo NP1 (NiCad),  Empire,Camcorder Batteries
SLA12-6S - $30.00,6V 12Ah S Connector SLA,  Empire,Sealed Lead Acid Batteries
SLA 7-12 - $22.00,12V 7Ah SLA,  Empire,Sealed Lead Acid Batteries
SLA 4-6 - $12.00,6V 4.5Ah SLA,  Empire,Sealed Lead Acid Batteries
SLA 24-12 - $65.00,12V 26Ah SLA,  Empire,Sealed Lead Acid Batteries
SLA 17-12 - $42.00,12V 18Ah SLA,  Empire,Sealed Lead Acid Batteries
SLA 10-12 - $36.00,10V 12Ah SLA,  Empire,Sealed Lead Acid Batteries
SLA10-12T/T25 - $36.00,12V 10Ah SLA Tall w/ Faston,  Empire,Sealed Lead Acid Batteries
SLA12-6A - $32.00,6V 12Ah A Connector SLA,  Empire,Sealed Lead Acid Batteries
SLA12-6H - $30.00,6V 12Ah H Connector SLA,  Empire,Sealed Lead Acid Batteries
SLA2.9-12 - $25.00,12V 2.9Ah SLA,  Empire,Sealed Lead Acid Batteries
SLA3-6 - $12.00,6V 3Ah SLA,  Empire,Sealed Lead Acid Batteries
SLA4.5-4 - $10.00,4V 4.5 Ah SLA,  Empire,Sealed Lead Acid Batteries
SLA5-12/T25 - $20.00,12V 5Ah SLA w/ .250 Faston,  Empire,Sealed Lead Acid Batteries
SLA7-12/T25 - $22.00,12V 7Ah SLA w/ .250 Faston,  Empire,Sealed Lead Acid Batteries
SLA9-12 - $35.00,12V 9Ah SLA,  Empire,Sealed Lead Acid Batteries
SLA9-6 - $25.00,6V 9Ah SLA,  Empire,Sealed Lead Acid Batteries
SLA10-12/T25 - $36.00,12V 12Ah SLA w/.250 Faston,  Empire,Sealed Lead Acid Batteries
SLA 7-6 - $15.00,6V 7Ah SLA,  Empire,Sealed Lead Acid Batteries
SLA 33-12 - $75.00,12V 35Ah SLA,  Empire,Sealed Lead Acid Batteries
SLA 2.2-12 - $20.00,12V 2.2Ah SLA,  Empire,Sealed Lead Acid Batteries
SLA 10-6 - $24.00,6V 12Ah SLA,  Empire,Sealed Lead Acid Batteries
SLA 9-4 - $25.00,4V 9Ah SLA,  Empire,Sealed Lead Acid Batteries
SLA10-6/T25 - $22.00,6V 12Ah SLA w/.250 Faston,  Empire,Sealed Lead Acid Batteries
SLA12-6 - $30.00,6V 12Ah SLA,  Empire,Sealed Lead Acid Batteries
SLA2.8-6 - $18.00,6V 2.8Ah SLA,  Empire,Sealed Lead Acid Batteries
SLA3-12 - $25.00,12V 3.4Ah SLA,  Empire,Sealed Lead Acid Batteries
SLA33-12FP - $75.00,12V 35Ah SLA w/FP Connector,  Empire,Sealed Lead Acid Batteries
SLA5-12 - $20.00,12V 5Ah SLA,  Empire,Sealed Lead Acid Batteries
SLA55-12 - $145.00,12V 55Ah SLA,  Empire,Sealed Lead Acid Batteries
SLA75-12FP - $175.00,12V 75Ah SLA,  Empire,Sealed Lead Acid Batteries
SLA9-12/T25 - $35.00,12V 9Ah SLA w/ Faston,  Empire,Sealed Lead Acid Batteries
E91 - $0.55,AA 1.5V Alkaline Energizer,  Energizer,Batteries
2CR5PA/1B - $5.75,6.0V Lithium Cylinder,  Panasonic,Batteries
CR2PA/1B - $3.85,3.0V Lithium Cylinder,  Panasonic,Batteries
AC13E-4 - $3.75,1.4V Zinc Air (4 pack),  Energizer,Batteries
EL2CR5BP - $10.00,6.0V Lithium,  Energizer,Batteries
E95 - $1.25,D 1.5V Alkaline Energizer,  Energizer,Batteries
A76BP - $1.00,1.5V Manganese Dioxide,  Energizer,Batteries
EPX76BP - $2.50,1.5V Silver Oxide,  Energizer,Batteries
E96-BP2 - $2.50,AAAA 1.5V Alkaline Engergizer (2 pack),  Energizer,Batteries
L91-BP2 - $4.95,AA 1.5V Lithium Energizer (2 pack),  Energizer,Batteries
E91-BP2 - $2.50,AA 1.5V Alkaline Energizer (2 pack),  Energizer,Batteries
E92-BP2 - $2.50,AAA 1.5V Alkaline Energizer (2 pack),  Energizer,Batteries
E93-BP2 - $3.75,C 1.5V Alkaline Energizer (2 pack),  Energizer,Batteries
319BP - $1.15,1.5V Silver Oxide,  Energizer,Batteries
371BP - $0.95,1.5V Silver Oxide,  Energizer,Batteries
390/389BP - $0.95,1.5V Silver Oxide,  Energizer,Batteries
397BP - $0.95,1.5V Silver Oxice,  Energizer,Batteries
ECR1216 - $1.95,3.0V Lithium Coin,  Energizer,Batteries
ECR1620 - $1.30,3.0V Lithium Coin,  Energizer,Batteries
ECR2025 - $1.30,3.0V Lithium Coin,  Energizer,Batteries
A544BP - $3.25,6.0V Alkaline,  Energizer,Batteries
309SP - $1.05,1.5V silver oxide,  Energizer,Batteries
317BP - $0.90,1.5V silver oxide,  Energizer,Batteries
329BP - $1.00,1.5V silver oxide,  Energizer,Batteries
337SP - $2.00,1.5V silver oxide,  Energizer,Batteries
357/303BP - $1.50,1.5V silver oxide,  Energizer,Batteries
364BP - $0.95,1.5V silver oxide,  Energizer,Batteries
373ST - $0.95,1.5V silver oxide,  Energizer,Batteries
377BP - $0.95,1.5V silver oxide,  Energizer,Batteries
381SP - $0.75,1.5V silver oxide,  Energizer,Batteries
MN2400 - $0.50,Duracell AAA,  Duracell,Batteries
EN95 - $1.15,Energizer Industrial D Battery,  Energizer,Batteries
PC1604 - $1.75,Duracell Procell 9 volt battery,  Duracell,Batteries
AC675E4 - $3.75,1.4V Zinc Air (4 pack),  Energizer,Batteries
392BP - $0.95,1.5V Silver Oxide,  Energizer,Batteries
ECR1220 - $1.30,3.0V Lithium Coin,  Energizer,Batteries
ECR2450 - $2.50,3.0V Lithium Coin,  Energizer,Batteries
P2111ACS - $3.75,Eveready 2 AA Penlight w/batteries,  Energizer,Batteries
CRP2PA/1B - $5.75,6.0V Lithium Cylinder,  Panasonic,Batteries
CR123APA/1B - $3.75,3.0V Lithium Cylinder,  Panasonic,Batteries
AZ10E-4 - $3.75,1.4V Zinc Air (4 pack),  Energizer,Batteries
AC312E-4 - $3.75,1.4V Zinc Air (4 pack),  Energizer,Batteries
E92 - $0.55,AAA 1.5V Alkaline Energizer,  Energizer,Batteries
A23-BP2 - $2.50,12V Manganese Dioxide (2 pack),  Energizer,Batteries
2L76BP - $3.00,3.0V Lithium,  Energizer,Batteries
E90-BP2 - $2.50,N 1.5V Alkaline Energizer (2 pack),  Energizer,Batteries
EL223APBP - $10.00,6.0V Lithium,  Energizer,Batteries
L91-BP4 - $9.00,AA 1.5V Lithium Energizer (4 pack),  Energizer,Batteries
E91-BP4 - $4.00,AA 1.5V Alkaline Energizer (4 pack),  Energizer,Batteries
E92-BP4 - $4.00,AAA 1.5V Alkaline Energizer (4 pack),  Energizer,Batteries
E95-BP2 - $3.75,D cell 1.5V Alkaline Energizer (2 pack),  Energizer,Batteries
362BP - $0.95,1.5V Silver Oxide,  Energizer,Batteries
386/301BP - $0.95,1.5V Silver Oxide,  Energizer,Batteries
391BP - $0.95,1.5V Silver Oxide,  Energizer,Batteries
ECR1025 - $1.30,3.0V Lithium Coin,  Energizer,Batteries
ECR1616 - $1.95,3.0V Lithium Coin,  Energizer,Batteries
ECR2016 - $1.30,3.0V Lithium Coin,  Energizer,Batteries
ECR2032 - $1.30,3.0V Lithium Coin,  Energizer,Batteries
301BP - USE 386BP - $0.00,1.5V silver oxide,  Energizer,Batteries
315SP - $0.90,1.5V silver oxide,  Energizer,Batteries
321BP - $0.75,1.5V silver oxide,  Energizer,Batteries
335SP - $1.30,1.5V silver oxide,  Energizer,Batteries
344SP - $1.00,1.5V silver oxide,  Energizer,Batteries
361SP - See 362BP - $0.00,1.5V silver oxide,  Energizer,Batteries
366BP - $0.80,1.5V silver oxide,  Energizer,Batteries
376BP - See 377BP - $0.00,1.5V silver oxide,  Energizer,Batteries
379BP - $1.10,1.5V silver oxide,  Energizer,Batteries
PC1500 - $0.55,Procell AA,  Duracell,Batteries
MN1604 - $1.50,Duracell Procell 9 volt battery,  Duracell,Batteries
EN93 - $0.95,Energizer Industrial C battery,  Energizer,Batteries
522BP - $3.75,Energizer 9 volt alkaline battery - Single pack,  Energizer,Batteries
389BP - $0.95,1.5V Silver Oxide,  Energizer,Batteries
395BP - $0.95,1.5V Silver Oxide,  Energizer,Batteries
ECR2430 - $2.00,3.0V Lithium Coin,  Energizer,Batteries
R3251ND - $1.50,Eveready 2 D cell flashlight,  Energizer,Batteries
PLED23AE - $7.25,Eveready LED Pen Light w/ batteries,  Empire,Batteries
